Currency_From,Currency_To,Currency_To_Value,Against_GBP_Value
CHF,GBP,0.8742024258485374,1.143899822777726
JPY,GBP,0.005245107632093933,190.65385691633244
Grand_Average,GBP,0.35952717387420147,2.7814309255797727
